"","diff","lwr.ci","upr.ci","pval"
"Dose1-Control",-8.4602545404614,-40.3461104446706,23.4256013637478,0.935053343174212
"Dose2-Control",2.20822755650408,-29.6776283477051,34.0940834607133,0.999854470738312
"Dose3-Control",-9.30361967120506,-41.1894755754142,22.5822362330041,0.907796816580917
"Dose4-Control",6.62554723357785,-25.2603086706313,38.511403137787,0.975616096978178
"Dose5-Control",-1.67492709736944,-33.5607830015786,30.2109288068397,0.999962654461668
