"","Df","Sum Sq","Mean Sq","F value","Pr(>F)"
"dose       ",5,1718.71506448551,343.743012897101,0.508515832186614,0.768386476816625
"Residuals  ",48,32446.7078008416,675.9730791842,NA,NA
