"","Df","Sum Sq","Mean Sq","F value","Pr(>F)"
"dose            ",5,1718.71506448551,343.743012897101,0.494847688356057,0.778411225009823
"as.factor(Group)",2,493.080522523714,246.540261261857,0.354915951145889,0.703135666812162
"Residuals       ",46,31953.6272783179,694.64407126778,NA,NA
