"","Df","Sum Sq","Mean Sq","F value","Pr(>F)"
"dose       ",1,408.687954047065,408.687954047065,0.531774734287086,0.469133663853281
"Residuals  ",52,39963.8648476562,768.535862454927,NA,NA
