"","Df","Sum Sq","Mean Sq","F value","Pr(>F)"
"dose       ",5,2389.91936104578,477.983872209156,0.604045159266934,0.69705621177652
"Residuals  ",48,37982.6334406575,791.304863347031,NA,NA
