"","Df","Sum Sq","Mean Sq","F value","Pr(>F)"
"dose       ",5,2153.67552580113,430.735105160226,0.564387187335743,0.72673286412436
"Residuals  ",48,36633.1580723705,763.190793174385,NA,NA
