"","diff","lwr.ci","upr.ci","pval"
"Dose1-Control",-6.39234469081683,-40.2728547792206,27.4881653975869,0.983848836062168
"Dose2-Control",-14.2468735225429,-48.1273836109467,19.6336365658609,0.710812729946513
"Dose3-Control",4.90356505818584,-28.9769450302179,38.7840751465896,0.995062453446111
"Dose4-Control",-3.84409430027457,-37.7246043886783,30.0364157881292,0.998415281710817
"Dose5-Control",-10.2385846042923,-44.1190946926961,23.6419254841115,0.895559716390154
