"","Df","Sum Sq","Mean Sq","F value","Pr(>F)"
"dose            ",5,2153.67552580113,430.735105160226,0.543136401920466,0.742581265499037
"as.factor(Group)",2,152.791874650921,76.3959373254604,0.0963316294009914,0.908345508749034
"Residuals       ",46,36480.3661977196,793.05143908086,NA,NA
