"","Df","Sum Sq","Mean Sq","F value","Pr(>F)"
"dose       ",5,1390.98659610835,278.197319221671,0.888701640064225,0.496102572515402
"Residuals  ",48,15025.8205011022,313.037927106296,NA,NA
