"","Df","Sum Sq","Mean Sq","F value","Pr(>F)"
"dose       ",5,14484.0332972059,2896.80665944118,2.34700548614311,0.0551383521199043
"Residuals  ",48,59244.3095996658,1234.25644999304,NA,NA
