"","Df","Sum Sq","Mean Sq","F value","Pr(>F)"
"dose       ",5,3777.29570416126,755.459140832253,0.957723943816845,0.453013026355998
"Residuals  ",48,37862.7254691284,788.806780606841,NA,NA
