"","Df","Sum Sq","Mean Sq","F value","Pr(>F)"
"dose            ",5,3777.29570416126,755.459140832253,0.921834101301332,0.47548800052948
"as.factor(Group)",2,164.922329467705,82.4611647338526,0.100621608206302,0.904473614712952
"Residuals       ",46,37697.8031396607,819.51745955784,NA,NA
