"","diff","lwr.ci","upr.ci","pval"
"Dose1-Control",4.20487471362999,-30.2395310372568,38.6492804645168,0.997762234294518
"Dose2-Control",8.13606068016411,-26.3083450707227,42.5804664310509,0.958740796903274
"Dose3-Control",-15.2880686554267,-49.7324744063135,19.1563370954601,0.668149390861899
"Dose4-Control",4.22187118172373,-30.2225345691631,38.6662769326105,0.997718012620766
"Dose5-Control",10.3305906781827,-24.1138150727041,44.7749964290695,0.898299738161238
