chemical,endpoint,lowerCI,median,upperCI
DBC,aPOD,1.469822016,1.664641976,1.835690571
DBP,aPOD,0.748188027,1.008600172,2.034628457
DEHC,aPOD,2.491641793,2.568670978,2.638389408
DEHP,aPOD,NA,NA,NA
P1400,aPOD,1.041392685,1.354108439,1.67669361
SANT,aPOD,0.579783597,0.73239376,0.799340549
DBC,Behaviour,NA,1,NA
DBP,Behaviour,NA,0.698970004,NA
DEHC,Behaviour,NA,2,NA
DEHP,Behaviour,NA,0,NA
P1400,Behaviour,NA,0,NA
SANT,Behaviour,NA,0.698970004,NA
