"","Df","Sum Sq","Mean Sq","F value","Pr(>F)"
"dose       ",5,3891.44636601396,778.289273202792,0.742743572903065,0.59532495122441
"Residuals  ",48,50297.1502906691,1047.85729772227,NA,NA
