"","Df","Sum Sq","Mean Sq","F value","Pr(>F)"
"dose            ",5,3891.44636601396,778.289273202792,0.732787260295349,0.60259569498678
"as.factor(Group)",2,1440.8061548571,720.403077428549,0.678285331165876,0.512488927203214
"Residuals       ",46,48856.344135812,1062.09443773504,NA,NA
