"","Df","Sum Sq","Mean Sq","F value","Pr(>F)"
"dose       ",5,2770.79876428239,554.159752856479,0.989537446676695,0.434059974550043
"Residuals  ",48,26880.9111029042,560.018981310503,NA,NA
