"","diff","lwr.ci","upr.ci","pval"
"Dose1-Control",7.99029111325049,-21.0322043896914,37.0127866161924,0.925400851659516
"Dose2-Control",22.7148534154087,-6.30764208753321,51.7373489183506,0.171061383522302
"Dose3-Control",9.85818977261198,-19.1643057303299,38.8806852755539,0.84520385021135
"Dose4-Control",17.4052266241436,-11.6172688787983,46.4277221270855,0.393550794930005
"Dose5-Control",11.542292397538,-17.4802031054039,40.5647879004799,0.751241525868887
