"","Df","Sum Sq","Mean Sq","F value","Pr(>F)"
"dose            ",5,2770.79876428239,554.159752856479,0.949411330823808,0.458496625513811
"as.factor(Group)",2,31.2751192266905,15.6375596133452,0.0267909681401706,0.973579905544559
"Residuals       ",46,26849.6359836775,583.687738775597,NA,NA
