"","Df","Sum Sq","Mean Sq","F value","Pr(>F)"
"dose       ",5,5918.10846825829,1183.62169365166,1.22906640867771,0.310193600339956
"Residuals  ",48,46225.2006027915,963.025012558155,NA,NA
