"","Df","Sum Sq","Mean Sq","F value","Pr(>F)"
"dose            ",5,5918.10846825829,1183.62169365166,1.268760274524,0.293570804940622
"as.factor(Group)",2,3311.97341461908,1655.98670730954,1.77510277197782,0.180877497309517
"Residuals       ",46,42913.2271881724,932.896243221139,NA,NA
