"","Df","Sum Sq","Mean Sq","F value","Pr(>F)"
"dose       ",5,4081.25738960607,816.251477921214,0.895703550501449,0.491611317211405
"Residuals  ",48,43742.2302482599,911.296463505415,NA,NA
