"","Df","Sum Sq","Mean Sq","F value","Pr(>F)"
"dose       ",5,5183.88024095657,1036.77604819131,0.920474672178266,0.475937548281402
"Residuals  ",48,54064.768773502,1126.34934944796,NA,NA
