"","diff","lwr.ci","upr.ci","pval"
"Dose1-Control",-0.736271465307337,-29.6188424938923,28.1462995632776,0.999998973229406
"Dose2-Control",-1.88276093808908,-30.7653319666741,26.9998100904959,0.999891869112584
"Dose3-Control",-14.0288165623183,-42.9113875909033,14.8537544662667,0.590773128352148
"Dose4-Control",-13.1921781710781,-42.0747491996631,15.6903928575069,0.64434152085668
"Dose5-Control",-1.17696912978164,-30.0595401583666,27.7056018988033,0.999989387434792
