"","Df","Sum Sq","Mean Sq","F value","Pr(>F)"
"dose       ",5,1943.73951200648,388.747902401296,0.700911388465441,0.625452141253082
"Residuals  ",48,26622.3371774794,554.632024530821,NA,NA
