"","Df","Sum Sq","Mean Sq","F value","Pr(>F)"
"dose            ",5,1943.73951200648,388.747902401296,0.695805128201782,0.629282218976222
"as.factor(Group)",2,922.03290309966,461.01645154983,0.825155863716092,0.444547290611596
"Residuals       ",46,25700.3042743798,558.702266834342,NA,NA
