"","Df","Sum Sq","Mean Sq","F value","Pr(>F)"
"dose       ",5,2147.17693585413,429.435387170827,0.533914705922197,0.749504935287367
"Residuals  ",48,38607.1002644445,804.314588842594,NA,NA
