"","diff","lwr.ci","upr.ci","pval"
"Dose1-Control",7.58045933420332,-27.2008840459068,42.3618027143134,0.970249753437114
"Dose2-Control",5.26309217248793,-29.5182512076221,40.044435552598,0.993950362560927
"Dose3-Control",-7.91579543466488,-42.697138814775,26.8655479454452,0.964480171787391
"Dose4-Control",2.98336337466942,-31.7979800054407,37.7647067547795,0.999586211080341
"Dose5-Control",-9.05931359088355,-43.8406569709936,25.7220297892265,0.939471537683931
