"","Df","Sum Sq","Mean Sq","F value","Pr(>F)"
"dose            ",5,2147.17693585413,429.435387170827,0.524289502510299,0.756618727340387
"as.factor(Group)",2,929.390305966057,464.695152983028,0.567337480456642,0.570950224516947
"Residuals       ",46,37677.7099584785,819.080651271271,NA,NA
