"","Df","Sum Sq","Mean Sq","F value","Pr(>F)"
"dose       ",1,353.356012614779,353.356012614779,0.539972059224697,0.465745427579717
"Residuals  ",52,34028.6360045203,654.396846240776,NA,NA
