"","diff","lwr.ci","upr.ci","pval"
"Dose1-Control",-28.2937860606193,-61.2927855818883,4.70521346064965,0.11490952724669
"Dose2-Control",-3.4681274500164,-36.4671269712854,29.5308720712526,0.998900581796594
"Dose3-Control",1.85320374328785,-31.1457957779811,34.8522032645568,0.999948071034575
"Dose4-Control",10.2461870113745,-22.7528125098945,43.2451865326435,0.885255796497645
"Dose5-Control",1.24780527949411,-31.7511942417749,34.2468048007631,0.999992681188539
