"","Df","Sum Sq","Mean Sq","F value","Pr(>F)"
"dose       ",5,7794.22498289062,1558.84499657812,2.15311955531452,0.0750114396166046
"Residuals  ",48,34751.697670973,723.993701478605,NA,NA
