"","Df","Sum Sq","Mean Sq","F value","Pr(>F)"
"dose            ",5,7794.22498289062,1558.84499657812,2.13405811489017,0.0781295359254568
"as.factor(Group)",2,1150.51814251192,575.25907125596,0.787529415607575,0.461004799162118
"Residuals       ",46,33601.1795284611,730.460424531763,NA,NA
