"","Df","Sum Sq","Mean Sq","F value","Pr(>F)"
"dose       ",5,2214.98990880562,442.997981761124,0.564593087489837,0.726578766363017
"Residuals  ",48,37662.3511617413,784.63231586961,NA,NA
