Dose (mg/L),Replicate,Survival Rate,Deformity Rate,Hatch Rate
1000,A,0.75,0,1
1000,B,0.85,0,1
1000,C,0.8,0,1
100,A,0.5,0,1
100,B,0.7,0.05,1
100,C,0.9,0.1,1
10,A,1,0.05,1
10,B,0.75,0,0
10,C,0.8,0.1,1
1,A,0.85,0.05,1
1,B,0.9,0,1
1,C,0.85,0.05,1
0.1,A,0.85,0.1,0.941176470588235
0.1,B,0.9,0.1,0.944444444444444
0.1,C,0.8,0,1
0,A,0.75,0,1
0,B,0.9,0.05,1
0,C,0.9,0,1
