Dose (mg/L),Replicate,Survival Rate,Deformity Rate,Hatch Rate
1000,A,0.8,0.05,1
1000,B,0.736842105263158,0,1
1000,C,0.85,0,1
100,A,0.65,0,1
100,B,0.9,0,1
100,C,0.9,0.1,1
10,A,0.75,0,1
10,B,0.95,0,1
10,C,0.9,0,1
1,A,0.95,0.05,1
1,B,0.95,0,1
1,C,1,0,1
0.1,A,0.842105263157895,0,1
0.1,B,0.789473684210526,0,1
0.1,C,0.8,0.05,0.9375
0,A,0.9,0.05,1
0,B,0.8,0,1
0,C,0.894736842105263,0,1
