"","Df","Sum Sq","Mean Sq","F value","Pr(>F)"
"dose       ",5,2490.70111977533,498.140223955067,0.699181088136914,0.626711057417686
"Residuals  ",48,34198.1943670092,712.462382646026,NA,NA
