"","Df","Sum Sq","Mean Sq","F value","Pr(>F)"
"dose       ",5,4246.65740523374,849.331481046747,0.846649400701043,0.523624671438802
"Residuals  ",48,48152.0580496333,1003.16787603403,NA,NA
