"","Df","Sum Sq","Mean Sq","F value","Pr(>F)"
"dose       ",5,7773.20213232126,1554.64042646425,2.14809621225501,0.0756107618276027
"Residuals  ",48,34739.0121748537,723.729420309453,NA,NA
