"","Df","Sum Sq","Mean Sq","F value","Pr(>F)"
"dose       ",5,2197.27423030064,439.454846060128,0.581054995475798,0.714255843163727
"Residuals  ",48,36302.6439409809,756.305082103769,NA,NA
