"","Df","Sum Sq","Mean Sq","F value","Pr(>F)"
"dose       ",5,3701.99264176886,740.398528353771,1.57506995340593,0.185095060127879
"Residuals  ",48,22563.5244226018,470.07342547087,NA,NA
