"","diff","lwr.ci","upr.ci","pval"
"Dose1-Control",-4.5201372553233,-48.6411469402517,39.6008724296051,0.999026499738968
"Dose2-Control",-4.70262831002475,-48.8236379949532,39.4183813749037,0.998824307898114
"Dose3-Control",-22.7965496868966,-66.9175593718251,21.3244599980318,0.534277485983324
"Dose4-Control",0.772069123579331,-43.3489405613491,44.8930788085078,0.999999842746717
"Dose5-Control",21.4549792546947,-22.6660304302337,65.5759889396231,0.589779263688175
