"","Df","Sum Sq","Mean Sq","F value","Pr(>F)"
"dose       ",5,9064.43857726929,1812.88771545386,1.40070532292483,0.240946900784111
"Residuals  ",48,62124.8516141,1294.26774196042,NA,NA
