"","Df","Sum Sq","Mean Sq","F value","Pr(>F)"
"dose            ",5,9064.43857726929,1812.88771545386,1.50222699610605,0.207689161185043
"as.factor(Group)",2,6612.0462078323,3306.02310391615,2.73949517894429,0.0751518462341491
"Residuals       ",46,55512.8054062677,1206.80011752756,NA,NA
