"","Df","Sum Sq","Mean Sq","F value","Pr(>F)"
"dose       ",5,4546.41391092249,909.282782184497,1.05258991445109,0.398230409909166
"Residuals  ",48,41464.936102505,863.852835468855,NA,NA
