"","diff","lwr.ci","upr.ci","pval"
"Dose1-Control",-17.512674592011,-53.5583577137961,18.5330085297741,0.590574257053456
"Dose2-Control",-8.86655941896775,-44.9122425407529,27.1791237028174,0.951539286209137
"Dose3-Control",4.81856727268772,-31.2271158490974,40.8642503944728,0.996578851221307
"Dose4-Control",8.68513641718075,-27.3605467046044,44.7308195389659,0.955325829822903
"Dose5-Control",5.50101614743627,-30.5446669743488,41.5466992692214,0.993706785440865
