"","Df","Sum Sq","Mean Sq","F value","Pr(>F)"
"dose            ",5,4546.41391092249,909.282782184497,1.03589627151748,0.408031303095801
"as.factor(Group)",2,1087.33350797632,543.666753988161,0.619369875289331,0.542711673265974
"Residuals       ",46,40377.6025945287,877.773969446276,NA,NA
