"","Df","Sum Sq","Mean Sq","F value","Pr(>F)"
"dose       ",5,2261.95099729148,452.390199458296,0.568839878629559,0.723400115446459
"Residuals  ",48,38173.7117768765,795.28566201826,NA,NA
