"","Df","Sum Sq","Mean Sq","F value","Pr(>F)"
"dose       ",1,2037.99751741534,2037.99751741534,2.08512649817532,0.15473827190543
"Residuals  ",52,50824.6722672875,977.397543601683,NA,NA
