"","Df","Sum Sq","Mean Sq","F value","Pr(>F)"
"dose       ",5,8001.08522282564,1600.21704456513,1.71216462568731,0.149880214379037
"Residuals  ",48,44861.5845618772,934.616345039109,NA,NA
