"","Df","Sum Sq","Mean Sq","F value","Pr(>F)"
"dose       ",5,2074.84211512529,414.968423025059,0.445337345238144,0.814522161862632
"Residuals  ",48,44726.7324831055,931.806926731364,NA,NA
