"","Df","Sum Sq","Mean Sq","F value","Pr(>F)"
"dose       ",5,1778.76591389825,355.753182779649,0.321146975200795,0.897830256078493
"Residuals  ",48,53172.391746011,1107.75816137523,NA,NA
