"","Df","Sum Sq","Mean Sq","F value","Pr(>F)"
"dose       ",1,41.9122814805547,41.9122814805547,0.0466093750255363,0.829916537932014
"Residuals  ",52,46759.6623167502,899.224275322119,NA,NA
