"","diff","lwr.ci","upr.ci","pval"
"Dose1-Control",-0.428345931957981,-37.4202182529314,36.5635263890154,0.999999980037069
"Dose2-Control",-10.481271232272,-47.4731435532454,26.5106010887014,0.917106105439995
"Dose3-Control",5.19167796487508,-31.8001943560983,42.1835502858485,0.995714158599731
"Dose4-Control",0.815776206313791,-36.1760961146596,37.8076485272872,0.999999501052175
"Dose5-Control",5.7376360197715,-31.2542363012019,42.7295083407449,0.993226448453057
