"","Df","Sum Sq","Mean Sq","F value","Pr(>F)"
"dose            ",5,1534.17302121553,306.834604243106,0.353151946753852,0.877587506655672
"as.factor(Group)",2,3703.48439483559,1851.74219741779,2.13126665917455,0.1302595359604
"Residuals       ",46,39966.9092154846,868.845852510535,NA,NA
