"","Df","Sum Sq","Mean Sq","F value","Pr(>F)"
"dose       ",5,1534.17302121553,306.834604243106,0.337255055108744,0.88784445317777
"Residuals  ",48,43670.3936103202,909.799866881671,NA,NA
