"","Df","Sum Sq","Mean Sq","F value","Pr(>F)"
"dose       ",5,1586.35518895178,317.271037790355,0.368802549318104,0.867468284167564
"Residuals  ",48,41293.1251210022,860.273440020879,NA,NA
