"","Df","Sum Sq","Mean Sq","F value","Pr(>F)"
"dose            ",5,11602.7892589619,2320.55785179237,2.19185387666159,0.0713406548683706
"as.factor(Group)",2,2460.79020874376,1230.39510437188,1.16215429719192,0.321825313558089
"Residuals       ",46,48701.084647592,1058.71923146939,NA,NA
