"","Df","Sum Sq","Mean Sq","F value","Pr(>F)"
"dose       ",5,11602.7892589619,2320.55785179237,2.17714415663639,0.0722091365659157
"Residuals  ",48,51161.8748563358,1065.87239284033,NA,NA
