"","diff","lwr.ci","upr.ci","pval"
"Dose1-Control",0.484120265567162,-39.5551345237761,40.5233750549104,0.9999999752221
"Dose2-Control",-29.5341381928152,-69.5733929821584,10.5051165965281,0.213956089053504
"Dose3-Control",8.28189286954695,-31.7573619197963,48.3211476588902,0.976084167900318
"Dose4-Control",16.9952494713735,-23.0440053179697,57.0345042607168,0.703590622671789
"Dose5-Control",7.87915728085226,-32.160097508491,47.9184120701955,0.980637888759294
