"","Df","Sum Sq","Mean Sq","F value","Pr(>F)"
"dose       ",5,3612.5442483412,722.50884966824,0.942506929271153,0.462283439396564
"Residuals  ",48,36795.9361432962,766.582002985338,NA,NA
