"","Df","Sum Sq","Mean Sq","F value","Pr(>F)"
"dose       ",5,5242.26654858543,1048.45330971709,0.986317767723462,0.435951591318926
"Residuals  ",48,51023.8794365206,1062.99748826085,NA,NA
