"","Df","Sum Sq","Mean Sq","F value","Pr(>F)"
"dose       ",5,3065.81565921948,613.163131843895,1.43731718168974,0.228085871953706
"Residuals  ",48,20476.9209631978,426.602520066621,NA,NA
