"","Df","Sum Sq","Mean Sq","F value","Pr(>F)"
"dose       ",5,4500.42947895612,900.085895791224,1.03826874786053,0.406164908863739
"Residuals  ",48,41611.6955142932,866.910323214442,NA,NA
