"","Df","Sum Sq","Mean Sq","F value","Pr(>F)"
"dose            ",5,3335.77842089085,667.155684178171,1.15476202098442,0.345754859941781
"as.factor(Group)",2,82.1356140444567,41.0678070222283,0.0710831743760154,0.931486523742395
"Residuals       ",46,26576.1783939115,577.743008563294,NA,NA
