"","diff","lwr.ci","upr.ci","pval"
"Dose1-Control",12.0046326512533,-16.8974474184885,40.906712720995,0.720000222704068
"Dose2-Control",-6.69229243674475,-35.5943725064865,22.209787632997,0.961915785440141
"Dose3-Control",-1.85694905979132,-30.7590291295331,27.0451310099505,0.999899236358385
"Dose4-Control",-6.015729547732,-34.9178096174738,22.8863505220098,0.975441990469649
"Dose5-Control",12.6066762407105,-16.2954038290313,41.5087563104523,0.682227209634019
