"","Df","Sum Sq","Mean Sq","F value","Pr(>F)"
"dose       ",5,3335.77842089085,667.155684178171,1.20125649472787,0.322890832667041
"Residuals  ",48,26658.314007956,555.381541832416,NA,NA
