"","Df","Sum Sq","Mean Sq","F value","Pr(>F)"
"dose       ",1,732.07488743778,732.07488743778,0.801932871379051,0.374642853527639
"Residuals  ",52,47470.175503968,912.887990460923,NA,NA
