"","Df","Sum Sq","Mean Sq","F value","Pr(>F)"
"dose       ",5,1421.3734150033,284.274683000659,0.291682962483039,0.915257286349316
"Residuals  ",48,46780.8769764025,974.601603675051,NA,NA
