"","Df","Sum Sq","Mean Sq","F value","Pr(>F)"
"dose       ",5,6267.88944182449,1253.5778883649,1.05606216328458,0.396324693854551
"Residuals  ",48,56977.4590298436,1187.03039645508,NA,NA
