"","Df","Sum Sq","Mean Sq","F value","Pr(>F)"
"dose       ",5,15095.9696771931,3019.19393543862,2.53630701821572,0.0407998134468805
"Residuals  ",48,57138.7090995809,1190.38977290794,NA,NA
