"","Df","Sum Sq","Mean Sq","F value","Pr(>F)"
"dose            ",5,15095.9696771931,3019.19393543862,2.43276701860358,0.0487989328801646
"as.factor(Group)",2,50.2497575531884,25.1248787765942,0.0202447996853278,0.979967476526591
"Residuals       ",46,57088.4593420277,1241.05346395712,NA,NA
