"","diff","lwr.ci","upr.ci","pval"
"Dose1-Control",-22.4106079394204,-64.7240127087393,19.9027968298985,0.511187017099026
"Dose2-Control",21.7333204689729,-20.580084300346,64.0467252382918,0.53990654980966
"Dose3-Control",11.8904151729468,-30.4229895963721,54.2038199422657,0.919561612762577
"Dose4-Control",25.6190913525794,-16.6943134167395,67.9324961218983,0.384612509688987
"Dose5-Control",21.9140231848558,-20.3993815844631,64.2274279541747,0.532140953517446
