"","Df","Sum Sq","Mean Sq","F value","Pr(>F)"
"dose       ",5,2176.56551904424,435.313103808848,0.648804603909324,0.663728762023805
"Residuals  ",48,32205.4264980909,670.946385376893,NA,NA
