"Chemical","ZFIN Gene ID","Ensembl Gene ID","BMD","BMDL","BMDU","p-value"
"BPAF","rhcga","ENSDARG00000003203",10.2245,2.90739,35.9567,0.388468338223545
"DES","fkbp5","ENSDARG00000028396",34.9969,22.0739,55.4855,0.0134726447779747
"DES","ctsbb","ENSDARG00000101051",51.8428,28.0228,95.9105,0.0134726447779747
"EE2","hmgcs1","ENSDARG00000103025",0.397968,0.240678,0.65805,0.282254083219265
"TGSH","klf9","ENSDARG00000068194",436.464,254.989,747.092,0.35112907829451
