"","Df","Sum Sq","Mean Sq","F value","Pr(>F)"
"dose       ",5,9624.4114089401,1924.88228178802,1.56452231534096,0.188102159647949
"Residuals  ",48,59055.9486559251,1230.33226366511,NA,NA
