"","Df","Sum Sq","Mean Sq","F value","Pr(>F)"
"dose       ",5,12178.220068881,2435.6440137762,2.30438585422883,0.0590031130046964
"Residuals  ",48,50734.087109028,1056.96014810475,NA,NA
