"","Df","Sum Sq","Mean Sq","F value","Pr(>F)"
"dose       ",5,4701.43497286957,940.286994573913,1.62451018834975,0.171586461496183
"Residuals  ",48,27783.0056488575,578.812617684532,NA,NA
