"","Df","Sum Sq","Mean Sq","F value","Pr(>F)"
"dose       ",4,8725.91034412033,2181.47758603008,1.22564667010742,0.315281547463421
"Residuals  ",40,71194.3381150422,1779.85845287606,NA,NA
