"","Df","Sum Sq","Mean Sq","F value","Pr(>F)"
"dose            ",4,8725.91034412033,2181.47758603008,1.28988260480513,0.291178918123485
"as.factor(Group)",2,6927.90955764144,3463.95477882072,2.04819661757957,0.14296689022158
"Residuals       ",38,64266.4285574008,1691.22180414213,NA,NA
