"","diff","lwr.ci","upr.ci","pval"
"Dose2-Control",-3.43834253013734,-54.0211650616228,47.1444800013481,0.999343221970398
"Dose3-Control",25.1343740227452,-25.4484485087403,75.7171965542306,0.530232807281598
"Dose4-Control",-17.9167498588908,-68.4995723903763,32.6660726725946,0.778464921743091
"Dose5-Control",-2.32386698715136,-52.9066895186368,48.2589555443341,0.999860386874772
