"","Df","Sum Sq","Mean Sq","F value","Pr(>F)"
"dose       ",5,1399.64776775834,279.929553551669,0.89344625280551,0.493056320197123
"Residuals  ",48,15039.0899601266,313.314374169304,NA,NA
