"","diff","lwr.ci","upr.ci","pval"
"Dose1-Control",6.63143594546527,-15.0767502947686,28.3396221856991,0.891531997893846
"Dose2-Control",10.2093936225097,-11.4987926177242,31.9175798627436,0.61935195491968
"Dose3-Control",15.6442221551435,-6.06396408509038,37.3524083953774,0.231945092803367
"Dose4-Control",4.11061579022275,-17.5975704500111,25.8188020304566,0.983591717660738
"Dose5-Control",11.34681049122,-10.3613757490139,33.0549967314539,0.523533912870205
