"","Df","Sum Sq","Mean Sq","F value","Pr(>F)"
"dose            ",5,1399.64776775834,279.929553551669,0.867804704335856,0.509993952882024
"as.factor(Group)",2,200.775073101948,100.387536550974,0.311209643177398,0.734090486852997
"Residuals       ",46,14838.3148870247,322.572062761405,NA,NA
