"","diff","lwr.ci","upr.ci","pval"
"Dose1-Control",5.80009221913869,-21.284908030513,32.8850924687904,0.972343408428324
"Dose2-Control",18.7815449318582,-8.30345531779351,45.8665451815098,0.263484200924671
"Dose3-Control",22.1586092878062,-4.92639096184551,49.2436095374578,0.14212929759836
"Dose4-Control",0.658199967301381,-26.4268002823503,27.7432002169531,0.999999190148307
"Dose5-Control",9.65604683344919,-17.4289534162025,36.7410470831009,0.819650686513368
