"","Df","Sum Sq","Mean Sq","F value","Pr(>F)"
"dose       ",5,3856.75259871521,771.350519743042,1.58146959446162,0.183292351122225
"Residuals  ",48,23411.6577880022,487.742870583379,NA,NA
