"","Df","Sum Sq","Mean Sq","F value","Pr(>F)"
"dose            ",5,3856.75259871521,771.350519743042,1.60961290654853,0.176466761679809
"as.factor(Group)",2,1367.77148227938,683.885741139689,1.42709609622051,0.250430884334868
"Residuals       ",46,22043.8863057228,479.214919689626,NA,NA
