"","Df","Sum Sq","Mean Sq","F value","Pr(>F)"
"dose       ",5,11696.5517692251,2339.31035384503,1.88351038715556,0.114751035077081
"Residuals  ",48,59615.7567010474,1241.99493127182,NA,NA
