"","diff","lwr.ci","upr.ci","pval"
"Dose1-Control",-4.12470384772234,-39.6033276680124,31.3539199725677,0.998222631486622
"Dose2-Control",0.321451974302677,-35.1571718459874,35.8000757945927,0.999999994144669
"Dose3-Control",13.6967723827574,-21.7818514375327,49.1753962030474,0.771307222998127
"Dose4-Control",23.0418629184746,-12.4367609018154,58.5204867387646,0.320223490091385
"Dose5-Control",-3.02954802918949,-38.5081718494795,32.4490757911006,0.999595285640798
