"","Df","Sum Sq","Mean Sq","F value","Pr(>F)"
"dose            ",5,5361.87476797455,1072.37495359491,1.22889649775152,0.311003064410251
"as.factor(Group)",2,29.479134365116,14.739567182558,0.0168909227395674,0.983257024501509
"Residuals       ",46,40141.0923992559,872.632443462085,NA,NA
