"","Df","Sum Sq","Mean Sq","F value","Pr(>F)"
"dose       ",5,5361.87476797455,1072.37495359491,1.28138574601744,0.287454178740184
"Residuals  ",48,40170.571533621,836.886906950438,NA,NA
