"","Df","Sum Sq","Mean Sq","F value","Pr(>F)"
"dose       ",5,4561.99971024068,912.399942048136,1.11207101222856,0.366556430686434
"Residuals  ",48,39381.6552510852,820.451151064275,NA,NA
