"","Df","Sum Sq","Mean Sq","F value","Pr(>F)"
"dose       ",5,3261.41358118385,652.28271623677,1.18266514163162,0.331619977631905
"Residuals  ",48,26473.7407717706,551.536266078554,NA,NA
