"","Df","Sum Sq","Mean Sq","F value","Pr(>F)"
"dose            ",5,4926.81808969726,985.363617939452,1.83546203255961,0.124617099484275
"as.factor(Group)",2,3102.87468045734,1551.43734022867,2.88990204432326,0.0657265537315705
"Residuals       ",46,24694.9953859875,536.847725782337,NA,NA
