"","diff","lwr.ci","upr.ci","pval"
"Dose1-Control",-29.1086870012361,-58.6220378427022,0.404663840229947,0.0541026192225847
"Dose2-Control",-4.62644853401929,-34.1397993754854,24.8869023074468,0.992898780438238
"Dose3-Control",-18.751124028292,-48.2644748697581,10.7622268131741,0.340062895411214
"Dose4-Control",-12.9019226561811,-42.4152734976472,16.611428185285,0.68045033956139
"Dose5-Control",-17.4268655431314,-46.9402163845975,12.0864852983347,0.408254210225881
