"","Df","Sum Sq","Mean Sq","F value","Pr(>F)"
"dose       ",5,4926.81808969726,985.363617939452,1.70147761494097,0.152380800007674
"Residuals  ",48,27797.8700664449,579.122293050935,NA,NA
