"","diff","lwr.ci","upr.ci","pval"
"Dose1-Control",31.9897108001264,-8.75217559089748,72.7315971911503,0.168738582613519
"Dose2-Control",2.90900716765672,-37.8328792233672,43.6508935586806,0.999830995296425
"Dose3-Control",23.7835593443111,-16.9583270467128,64.525445735335,0.418958999034569
"Dose4-Control",3.90571582836106,-36.8361705626629,44.647602219385,0.999291764178714
"Dose5-Control",6.21537989481591,-34.526506496208,46.9572662858398,0.993717522558399
