"","Df","Sum Sq","Mean Sq","F value","Pr(>F)"
"dose            ",5,7761.26839252724,1552.25367850545,1.41473493980732,0.236796454585895
"as.factor(Group)",2,2501.85416269564,1250.92708134782,1.14010375600327,0.32865495420082
"Residuals       ",46,50471.4114298863,1097.20459630188,NA,NA
