"","Df","Sum Sq","Mean Sq","F value","Pr(>F)"
"dose       ",5,7761.26839252724,1552.25367850545,1.40652413504776,0.238860282511871
"Residuals  ",48,52973.2655925819,1103.60969984546,NA,NA
