"","Df","Sum Sq","Mean Sq","F value","Pr(>F)"
"dose       ",5,2732.89229040894,546.578458081788,0.923958068446691,0.473760671174747
"Residuals  ",48,28394.9747113871,591.561973153897,NA,NA
