"","diff","lwr.ci","upr.ci","pval"
"Dose1-Control",3.42961635163025,-36.1669282843018,43.0261609875623,0.999566593041553
"Dose2-Control",9.14143713766319,-30.4551074982688,48.7379817735952,0.962369545731369
"Dose3-Control",-4.17788497870549,-43.7744296146375,35.4186596572265,0.998879208394266
"Dose4-Control",10.6599967189062,-28.9365479170258,50.2565413548382,0.931401516740469
"Dose5-Control",21.953303061644,-17.643241574288,61.549847697576,0.467953479244301
