"","Df","Sum Sq","Mean Sq","F value","Pr(>F)"
"dose       ",5,3852.99752311172,770.599504622345,0.739232249513083,0.597829426274955
"Residuals  ",48,50036.7458890441,1042.43220602175,NA,NA
