"","Df","Sum Sq","Mean Sq","F value","Pr(>F)"
"dose            ",5,3852.99752311172,770.599504622345,0.714014941589984,0.616083748326821
"as.factor(Group)",2,391.318114532247,195.659057266123,0.181291954520381,0.834784900123114
"Residuals       ",46,49645.4277745119,1079.24842988069,NA,NA
