"","diff","lwr.ci","upr.ci","pval"
"Dose1-Control",-8.19312427827317,-48.4441411622011,32.0578926056548,0.977646658588047
"Dose2-Control",17.7120639978176,-22.5389528861104,57.9630808817455,0.675225977855185
"Dose3-Control",11.7310220370737,-28.5199948468543,51.9820389210017,0.908173136570147
"Dose4-Control",31.2412873758457,-9.00972950808226,71.4923042597737,0.17667261544547
"Dose5-Control",24.08348372091,-16.167533163018,64.3345006048379,0.3958071108352
