"","Df","Sum Sq","Mean Sq","F value","Pr(>F)"
"dose       ",5,9874.90782879817,1974.98156575963,1.83347963669646,0.124096778897402
"Residuals  ",48,51704.4821546369,1077.17671155494,NA,NA
