"","Df","Sum Sq","Mean Sq","F value","Pr(>F)"
"dose            ",5,9874.90782879817,1974.98156575963,1.78065203732451,0.135667654346969
"as.factor(Group)",2,684.32205561654,342.16102780827,0.308493882587456,0.736060238233223
"Residuals       ",46,51020.1600990203,1109.13391519609,NA,NA
