"","diff","lwr.ci","upr.ci","pval"
"Dose1-Control",6.33047956999111,-25.6358589757169,38.2968181156991,0.980109771699008
"Dose2-Control",9.21574569631602,-22.750592849392,41.182084242024,0.911715829641694
"Dose3-Control",13.4357552257532,-18.5305833199548,45.4020937714612,0.711098451347272
"Dose4-Control",-5.16900999354407,-37.1353485392521,26.7973285521639,0.991825165818629
"Dose5-Control",9.18896407736004,-22.777374468348,41.155302623068,0.91261038256632
