"","Df","Sum Sq","Mean Sq","F value","Pr(>F)"
"dose            ",5,2116.43012683408,423.286025366816,0.608358911394118,0.69384920514709
"as.factor(Group)",2,604.675164629777,302.337582314889,0.434528312838165,0.650200424085584
"Residuals       ",46,32006.0359143147,695.783389441624,NA,NA
