"","Df","Sum Sq","Mean Sq","F value","Pr(>F)"
"dose       ",5,2116.43012683408,423.286025366816,0.623038521558813,0.682878911268884
"Residuals  ",48,32610.7110789445,679.389814144676,NA,NA
