"","Df","Sum Sq","Mean Sq","F value","Pr(>F)"
"dose       ",5,3109.40988038372,621.881976076743,0.786336648736238,0.564649015372071
"Residuals  ",48,37961.2662078738,790.859712664038,NA,NA
