"","diff","lwr.ci","upr.ci","pval"
"Dose1-Control",-4.7032224377422,-39.1924212088322,29.7859763333478,0.996247488642345
"Dose2-Control",-9.39276844388951,-43.8819672149795,25.0964303272005,0.928387546247377
"Dose3-Control",7.43421655903557,-27.0549822120544,41.9234153301256,0.971585544686482
"Dose4-Control",5.59181724842095,-28.8973815226691,40.081016019511,0.991726870462689
"Dose5-Control",-13.578356809943,-48.067555581033,20.910841961147,0.758190825946592
