"","Df","Sum Sq","Mean Sq","F value","Pr(>F)"
"dose            ",5,3109.40988038372,621.881976076743,0.803239676209289,0.553223966134033
"as.factor(Group)",2,2347.27483417507,1173.63741708753,1.51590201220458,0.230376969418368
"Residuals       ",46,35613.9913736987,774.217203776059,NA,NA
