"","Df","Sum Sq","Mean Sq","F value","Pr(>F)"
"dose            ",5,2180.94413449262,436.188826898523,0.415549129638837,0.835510785650697
"as.factor(Group)",2,1751.40507654268,875.702538271341,0.834265815996784,0.440655627710721
"Residuals       ",46,48284.7504812986,1049.66848872388,NA,NA
