"","Df","Sum Sq","Mean Sq","F value","Pr(>F)"
"dose       ",5,2180.94413449262,436.188826898523,0.418438696132961,0.833597708604505
"Residuals  ",48,50036.1555578413,1042.41990745503,NA,NA
