"","diff","lwr.ci","upr.ci","pval"
"Dose1-Control",9.63450768473769,-29.9618033714086,49.230818740884,0.953554889822111
"Dose2-Control",2.44903415343648,-37.1472769027098,42.0453452095828,0.99991648950129
"Dose3-Control",-11.1812555413728,-50.7775665975191,28.4150555147735,0.918111872729998
"Dose4-Control",-4.60773107813581,-44.2040421342821,34.9885799780105,0.998213586042845
"Dose5-Control",-0.746282610681975,-40.3425936668283,38.8500284454643,0.999999772339397
